馬名,ゴールタイム
ドウデュース,データなし
スターズオンアース,データなし
リバティアイランド,データなし
ディープボンド,データなし
ジャスティンパレス,データなし
シャフリヤール,データなし
ノンコノユメ,データなし
タスティエーラ,データなし
セリフォス,データなし
ジャックドール,データなし
ソールオリエンス,データなし
レモンポップ,データなし
ナムラクレア,データなし
メイショウハリオ,データなし
ウシュバテソーロ,データなし
ナミュール,データなし
ボッケリーニ,データなし
アマゾンオペラ,データなし
ベラジオオペラ,データなし
フジノウェーブ,データなし
ヒシイグアス,データなし
ヴェルトライゼンデ,データなし
ポタジェ,データなし
ステラヴェローチェ,データなし
ソウルラッシュ,データなし
プログノーシス,データなし
マッドクール,データなし
ミツアキサイレンス,データなし
ウインマーベル,データなし
サンエムキング,データなし
ネイティヴハート,データなし
ボルドグフーシュ,データなし
リッカルド,データなし
ドゥレッツァ,データなし
ハタノアドニス,データなし
ブラウンシャトレー,データなし
テーオーロイヤル,データなし
スタニングローズ,データなし
ママコチャ,データなし
イグナイター,データなし
ヒートオンビート,データなし
コアレスハンター,データなし
タガノビューティー,データなし
カジノフォンテン,データなし
ミューチャリー,データなし
ジャスティンミラノ,データなし
マイネルウィルトス,データなし
ゴールデンキャスト,データなし
ジオグリフ,データなし
オリオンザサンクス,データなし
ハッピースプリント,データなし
アローセプテンバー,データなし
ニシノデイジー,データなし
ウインカーネリアン,データなし
マルブツセカイオー,データなし
ペプチドナイル,データなし
サクラハイスピード,データなし
ヘリオス,データなし
グランブリッジ,データなし
アルドラゴン,データなし
ローシャムパーク,データなし
カラテ,データなし
プラダリア,データなし
カラジ,データなし
アルカセット,データなし
アサクサゲンキ,データなし
ゴールドプルーフ,データなし
シャマル,データなし
トゥラヴェスーラ,データなし
カガヤキローマン,データなし
ナムラビクター,データなし
トミシノポルンガ,データなし
ハヤヤッコ,データなし
モリユウプリンス,データなし
バンチャンプ,データなし
シグナスヒーロー,データなし
ブライアンズロマン,データなし
シルヴァーソニック,データなし
ダノンベルーガ,データなし
トウシンマカオ,データなし
